id,trimmed,canvas_512,source,cell,alpha_pixels,width_trimmed,height_trimmed
milk,png_trimmed/milk.png,png_512/milk.png,raw_sheets/sheet_01.png,"0,0",64729,291,281
cheese,png_trimmed/cheese.png,png_512/cheese.png,raw_sheets/sheet_01.png,"0,1",43805,297,249
meat,png_trimmed/meat.png,png_512/meat.png,raw_sheets/sheet_01.png,"0,2",68228,306,295
leather,png_trimmed/leather.png,png_512/leather.png,raw_sheets/sheet_01.png,"0,3",53782,300,255
wool,png_trimmed/wool.png,png_512/wool.png,raw_sheets/sheet_01.png,"1,0",61983,298,283
cloth,png_trimmed/cloth.png,png_512/cloth.png,raw_sheets/sheet_01.png,"1,1",65739,310,310
rope,png_trimmed/rope.png,png_512/rope.png,raw_sheets/sheet_01.png,"1,2",67205,308,290
paper,png_trimmed/paper.png,png_512/paper.png,raw_sheets/sheet_01.png,"1,3",44419,295,266
ink,png_trimmed/ink.png,png_512/ink.png,raw_sheets/sheet_01.png,"2,0",64786,303,289
book,png_trimmed/book.png,png_512/book.png,raw_sheets/sheet_01.png,"2,1",56775,278,295
knowledge,png_trimmed/knowledge.png,png_512/knowledge.png,raw_sheets/sheet_01.png,"2,2",57153,310,275
wheel,png_trimmed/wheel.png,png_512/wheel.png,raw_sheets/sheet_01.png,"2,3",61663,299,279
cart,png_trimmed/cart.png,png_512/cart.png,raw_sheets/sheet_01.png,"3,0",67412,303,299
road,png_trimmed/road.png,png_512/road.png,raw_sheets/sheet_01.png,"3,1",64026,292,293
village,png_trimmed/village.png,png_512/village.png,raw_sheets/sheet_01.png,"3,2",66881,309,296
settlement,png_trimmed/settlement.png,png_512/settlement.png,raw_sheets/sheet_01.png,"3,3",59487,299,297
medicine,png_trimmed/medicine.png,png_512/medicine.png,raw_sheets/sheet_02.png,"0,0",60060,303,288
poison,png_trimmed/poison.png,png_512/poison.png,raw_sheets/sheet_02.png,"0,1",56145,309,263
mushroom,png_trimmed/mushroom.png,png_512/mushroom.png,raw_sheets/sheet_02.png,"0,2",55050,304,250
bone,png_trimmed/bone.png,png_512/bone.png,raw_sheets/sheet_02.png,"0,3",50115,294,288
skull,png_trimmed/skull.png,png_512/skull.png,raw_sheets/sheet_02.png,"1,0",67255,308,293
blood,png_trimmed/blood.png,png_512/blood.png,raw_sheets/sheet_02.png,"1,1",56831,313,261
corpse,png_trimmed/corpse.png,png_512/corpse.png,raw_sheets/sheet_02.png,"1,2",67874,313,294
ghost,png_trimmed/ghost.png,png_512/ghost.png,raw_sheets/sheet_02.png,"1,3",55881,306,288
cemetery,png_trimmed/cemetery.png,png_512/cemetery.png,raw_sheets/sheet_02.png,"2,0",41243,261,309
grave,png_trimmed/grave.png,png_512/grave.png,raw_sheets/sheet_02.png,"2,1",58182,313,309
wolf,png_trimmed/wolf.png,png_512/wolf.png,raw_sheets/sheet_02.png,"2,2",74354,313,313
horse,png_trimmed/horse.png,png_512/horse.png,raw_sheets/sheet_02.png,"2,3",55482,283,304
rider,png_trimmed/rider.png,png_512/rider.png,raw_sheets/sheet_02.png,"3,0",49051,312,263
string,png_trimmed/string.png,png_512/string.png,raw_sheets/sheet_02.png,"3,1",73724,313,301
bow,png_trimmed/bow.png,png_512/bow.png,raw_sheets/sheet_02.png,"3,2",65267,313,302
hunter,png_trimmed/hunter.png,png_512/hunter.png,raw_sheets/sheet_02.png,"3,3",65640,314,301
bakery,png_trimmed/bakery.png,png_512/bakery.png,raw_sheets/sheet_03.png,"0,0",56083,306,305
mill,png_trimmed/mill.png,png_512/mill.png,raw_sheets/sheet_03.png,"0,1",54318,309,238
farmer,png_trimmed/farmer.png,png_512/farmer.png,raw_sheets/sheet_03.png,"0,2",42411,313,206
baker,png_trimmed/baker.png,png_512/baker.png,raw_sheets/sheet_03.png,"0,3",37872,247,284
blacksmith,png_trimmed/blacksmith.png,png_512/blacksmith.png,raw_sheets/sheet_03.png,"1,0",64882,307,313
miner,png_trimmed/miner.png,png_512/miner.png,raw_sheets/sheet_03.png,"1,1",47075,293,249
merchant,png_trimmed/merchant.png,png_512/merchant.png,raw_sheets/sheet_03.png,"1,2",45897,313,235
scholar,png_trimmed/scholar.png,png_512/scholar.png,raw_sheets/sheet_03.png,"1,3",45754,314,280
priest,png_trimmed/priest.png,png_512/priest.png,raw_sheets/sheet_03.png,"2,0",59522,309,313
sailor,png_trimmed/sailor.png,png_512/sailor.png,raw_sheets/sheet_03.png,"2,1",52456,285,256
captain,png_trimmed/captain.png,png_512/captain.png,raw_sheets/sheet_03.png,"2,2",48968,295,234
pirate,png_trimmed/pirate.png,png_512/pirate.png,raw_sheets/sheet_03.png,"2,3",59342,314,313
hurricane,png_trimmed/hurricane.png,png_512/hurricane.png,raw_sheets/sheet_03.png,"3,0",55801,304,264
blizzard,png_trimmed/blizzard.png,png_512/blizzard.png,raw_sheets/sheet_03.png,"3,1",59861,300,279
volcano,png_trimmed/volcano.png,png_512/volcano.png,raw_sheets/sheet_03.png,"3,2",61979,289,281
desert,png_trimmed/desert.png,png_512/desert.png,raw_sheets/sheet_03.png,"3,3",51963,301,282
crown,png_trimmed/crown.png,png_512/crown.png,raw_sheets/sheet_04.png,"0,0",60523,292,304
king,png_trimmed/king.png,png_512/king.png,raw_sheets/sheet_04.png,"0,1",58978,290,303
queen,png_trimmed/queen.png,png_512/queen.png,raw_sheets/sheet_04.png,"0,2",60980,285,295
castle,png_trimmed/castle.png,png_512/castle.png,raw_sheets/sheet_04.png,"0,3",55523,275,279
tower,png_trimmed/tower.png,png_512/tower.png,raw_sheets/sheet_04.png,"1,0",65884,299,292
temple,png_trimmed/temple.png,png_512/temple.png,raw_sheets/sheet_04.png,"1,1",55750,295,305
statue,png_trimmed/statue.png,png_512/statue.png,raw_sheets/sheet_04.png,"1,2",63831,313,288
garden,png_trimmed/garden.png,png_512/garden.png,raw_sheets/sheet_04.png,"1,3",66433,305,311
fountain,png_trimmed/fountain.png,png_512/fountain.png,raw_sheets/sheet_04.png,"2,0",77029,314,308
park,png_trimmed/park.png,png_512/park.png,raw_sheets/sheet_04.png,"2,1",56438,312,282
market,png_trimmed/market.png,png_512/market.png,raw_sheets/sheet_04.png,"2,2",54974,293,294
barrel,png_trimmed/barrel.png,png_512/barrel.png,raw_sheets/sheet_04.png,"2,3",70596,300,313
juice,png_trimmed/juice.png,png_512/juice.png,raw_sheets/sheet_04.png,"3,0",73026,297,307
wine,png_trimmed/wine.png,png_512/wine.png,raw_sheets/sheet_04.png,"3,1",64812,302,302
beer,png_trimmed/beer.png,png_512/beer.png,raw_sheets/sheet_04.png,"3,2",62966,298,308
tavern,png_trimmed/tavern.png,png_512/tavern.png,raw_sheets/sheet_04.png,"3,3",67936,303,306
arrow,png_trimmed/arrow.png,png_512/arrow.png,raw_sheets/sheet_05.png,"0,0",51756,296,276
spear,png_trimmed/spear.png,png_512/spear.png,raw_sheets/sheet_05.png,"0,1",36265,263,289
sword,png_trimmed/sword.png,png_512/sword.png,raw_sheets/sheet_05.png,"0,2",50161,274,281
shield,png_trimmed/shield.png,png_512/shield.png,raw_sheets/sheet_05.png,"0,3",59871,295,285
armor,png_trimmed/armor.png,png_512/armor.png,raw_sheets/sheet_05.png,"1,0",62557,300,288
warrior,png_trimmed/warrior.png,png_512/warrior.png,raw_sheets/sheet_05.png,"1,1",62996,298,292
campfire,png_trimmed/campfire.png,png_512/campfire.png,raw_sheets/sheet_05.png,"1,2",57107,283,313
tent,png_trimmed/tent.png,png_512/tent.png,raw_sheets/sheet_05.png,"1,3",48920,306,285
camp,png_trimmed/camp.png,png_512/camp.png,raw_sheets/sheet_05.png,"2,0",54899,306,300
forge,png_trimmed/forge.png,png_512/forge.png,raw_sheets/sheet_05.png,"2,1",54677,289,299
hammer,png_trimmed/hammer.png,png_512/hammer.png,raw_sheets/sheet_05.png,"2,2",57304,300,286
plow,png_trimmed/plow.png,png_512/plow.png,raw_sheets/sheet_05.png,"2,3",54899,303,274
mine,png_trimmed/mine.png,png_512/mine.png,raw_sheets/sheet_05.png,"3,0",71334,308,292
gold,png_trimmed/gold.png,png_512/gold.png,raw_sheets/sheet_05.png,"3,1",59305,302,277
silver,png_trimmed/silver.png,png_512/silver.png,raw_sheets/sheet_05.png,"3,2",61942,305,277
gem,png_trimmed/gem.png,png_512/gem.png,raw_sheets/sheet_05.png,"3,3",64429,286,287
elixir,png_trimmed/elixir.png,png_512/elixir.png,raw_sheets/sheet_06.png,"0,0",51309,306,292
portal,png_trimmed/portal.png,png_512/portal.png,raw_sheets/sheet_06.png,"0,1",59413,311,312
spellbook,png_trimmed/spellbook.png,png_512/spellbook.png,raw_sheets/sheet_06.png,"0,2",58767,313,313
enchantment,png_trimmed/enchantment.png,png_512/enchantment.png,raw_sheets/sheet_06.png,"0,3",60064,314,314
clock,png_trimmed/clock.png,png_512/clock.png,raw_sheets/sheet_06.png,"1,0",35823,218,313
hourglass,png_trimmed/hourglass.png,png_512/hourglass.png,raw_sheets/sheet_06.png,"1,1",68030,313,293
star,png_trimmed/star.png,png_512/star.png,raw_sheets/sheet_06.png,"1,2",54578,252,313
observatory,png_trimmed/observatory.png,png_512/observatory.png,raw_sheets/sheet_06.png,"1,3",65936,314,281
astronomer,png_trimmed/astronomer.png,png_512/astronomer.png,raw_sheets/sheet_06.png,"2,0",65806,310,311
philosopher_stone,png_trimmed/philosopher_stone.png,png_512/philosopher_stone.png,raw_sheets/sheet_06.png,"2,1",71936,313,313
wind,png_trimmed/wind.png,png_512/wind.png,raw_sheets/sheet_07.png,"0,0",65502,314,296
clay,png_trimmed/clay.png,png_512/clay.png,raw_sheets/sheet_07.png,"0,1",59158,307,312
forest,png_trimmed/forest.png,png_512/forest.png,raw_sheets/sheet_07.png,"0,2",64440,307,289
moss,png_trimmed/moss.png,png_512/moss.png,raw_sheets/sheet_07.png,"0,3",67244,304,293
sky,png_trimmed/sky.png,png_512/sky.png,raw_sheets/sheet_07.png,"1,0",57518,309,310
sun,png_trimmed/sun.png,png_512/sun.png,raw_sheets/sheet_07.png,"1,1",58783,307,301
moon,png_trimmed/moon.png,png_512/moon.png,raw_sheets/sheet_07.png,"1,2",63056,308,297
salt,png_trimmed/salt.png,png_512/salt.png,raw_sheets/sheet_07.png,"1,3",66660,313,307
wave,png_trimmed/wave.png,png_512/wave.png,raw_sheets/sheet_07.png,"2,0",64055,291,313
algae,png_trimmed/algae.png,png_512/algae.png,raw_sheets/sheet_07.png,"2,1",70355,313,313
wood,png_trimmed/wood.png,png_512/wood.png,raw_sheets/sheet_07.png,"2,2",65935,313,310
field,png_trimmed/field.png,png_512/field.png,raw_sheets/sheet_07.png,"2,3",57941,295,297
farm,png_trimmed/farm.png,png_512/farm.png,raw_sheets/sheet_07.png,"3,0",78300,314,314
wheat,png_trimmed/wheat.png,png_512/wheat.png,raw_sheets/sheet_07.png,"3,1",84212,313,314
bread,png_trimmed/bread.png,png_512/bread.png,raw_sheets/sheet_07.png,"3,2",71068,312,306
cattle,png_trimmed/cattle.png,png_512/cattle.png,raw_sheets/sheet_07.png,"3,3",79249,309,304
city,png_trimmed/city.png,png_512/city.png,raw_sheets/sheet_08.png,"0,0",64928,301,305
bridge,png_trimmed/bridge.png,png_512/bridge.png,raw_sheets/sheet_08.png,"0,1",70032,313,309
boat,png_trimmed/boat.png,png_512/boat.png,raw_sheets/sheet_08.png,"0,2",64296,300,303
sail,png_trimmed/sail.png,png_512/sail.png,raw_sheets/sheet_08.png,"0,3",62577,295,307
ship,png_trimmed/ship.png,png_512/ship.png,raw_sheets/sheet_08.png,"1,0",66683,308,296
port,png_trimmed/port.png,png_512/port.png,raw_sheets/sheet_08.png,"1,1",69152,310,301
net,png_trimmed/net.png,png_512/net.png,raw_sheets/sheet_08.png,"1,2",66121,307,309
fisherman,png_trimmed/fisherman.png,png_512/fisherman.png,raw_sheets/sheet_08.png,"1,3",73313,313,313
feather,png_trimmed/feather.png,png_512/feather.png,raw_sheets/sheet_08.png,"2,0",69523,312,313
egg,png_trimmed/egg.png,png_512/egg.png,raw_sheets/sheet_08.png,"2,1",72760,304,313
nest,png_trimmed/nest.png,png_512/nest.png,raw_sheets/sheet_08.png,"2,2",71980,313,313
bee,png_trimmed/bee.png,png_512/bee.png,raw_sheets/sheet_08.png,"2,3",71725,314,313
honey,png_trimmed/honey.png,png_512/honey.png,raw_sheets/sheet_08.png,"3,0",73288,314,311
fruit,png_trimmed/fruit.png,png_512/fruit.png,raw_sheets/sheet_08.png,"3,1",69872,307,307
vegetable,png_trimmed/vegetable.png,png_512/vegetable.png,raw_sheets/sheet_08.png,"3,2",53226,272,308
herbs,png_trimmed/herbs.png,png_512/herbs.png,raw_sheets/sheet_08.png,"3,3",57587,288,306
oasis,png_trimmed/oasis.png,png_512/oasis.png,raw_sheets/sheet_09.png,"0,0",57722,297,305
jungle,png_trimmed/jungle.png,png_512/jungle.png,raw_sheets/sheet_09.png,"0,1",68062,312,299
island,png_trimmed/island.png,png_512/island.png,raw_sheets/sheet_09.png,"0,2",69016,312,272
beach,png_trimmed/beach.png,png_512/beach.png,raw_sheets/sheet_09.png,"0,3",60281,292,302
coral,png_trimmed/coral.png,png_512/coral.png,raw_sheets/sheet_09.png,"1,0",67666,306,295
shark,png_trimmed/shark.png,png_512/shark.png,raw_sheets/sheet_09.png,"1,1",59413,300,297
mermaid,png_trimmed/mermaid.png,png_512/mermaid.png,raw_sheets/sheet_09.png,"1,2",62282,313,297
dragon,png_trimmed/dragon.png,png_512/dragon.png,raw_sheets/sheet_09.png,"1,3",54530,291,294
phoenix,png_trimmed/phoenix.png,png_512/phoenix.png,raw_sheets/sheet_09.png,"2,0",66578,308,300
griffin,png_trimmed/griffin.png,png_512/griffin.png,raw_sheets/sheet_09.png,"2,1",61439,305,299
potion,png_trimmed/potion.png,png_512/potion.png,a_high_quality_fantasy_illustration_on_a_transpare_7_batch_1.png,generated_single,734647,1079,1198
rune,png_trimmed/rune.png,png_512/rune.png,a_high_resolution_clean_cutout_style_fantasy_gam_8_batch_2.png,generated_single,798433,1108,1015
wizard,png_trimmed/wizard.png,png_512/wizard.png,a_high_quality_fantasy_style_illustration_on_a_tra_9_batch_3.png,generated_single,885535,1131,1152
golem,png_trimmed/golem.png,png_512/golem.png,a_high_quality_fantasy_digital_illustration_on_a_t_10_batch_4.png,generated_single,644103,954,998
unicorn,png_trimmed/unicorn.png,png_512/unicorn.png,a_high_resolution_fantasy_game_style_icon_illustr_11_batch_5.png,generated_single,599703,872,1026
alchemy,png_trimmed/alchemy.png,png_512/alchemy.png,a_clean_high_resolution_fantasy_game_style_illus_12_batch_6.png,generated_single,628016,996,1177
