category,name,file,width,height,source
elements,fire,elements/fire.png,170,193,raw_sheets/elements_sheet.png
elements,water,elements/water.png,164,181,raw_sheets/elements_sheet.png
elements,earth,elements/earth.png,173,174,raw_sheets/elements_sheet.png
elements,air,elements/air.png,184,177,raw_sheets/elements_sheet.png
elements,steam,elements/steam.png,204,186,raw_sheets/elements_sheet.png
elements,lava,elements/lava.png,206,199,raw_sheets/elements_sheet.png
elements,mud,elements/mud.png,185,170,raw_sheets/elements_sheet.png
elements,dust,elements/dust.png,188,175,raw_sheets/elements_sheet.png
elements,plant,elements/plant.png,160,181,raw_sheets/elements_sheet.png
elements,tree,elements/tree.png,203,194,raw_sheets/elements_sheet.png
elements,seed,elements/seed.png,188,180,raw_sheets/elements_sheet.png
elements,flower,elements/flower.png,185,199,raw_sheets/elements_sheet.png
elements,stone,elements/stone.png,168,169,raw_sheets/elements_sheet.png
elements,sand,elements/sand.png,190,173,raw_sheets/elements_sheet.png
elements,metal,elements/metal.png,193,158,raw_sheets/elements_sheet.png
elements,glass,elements/glass.png,169,178,raw_sheets/elements_sheet.png
elements,ice,elements/ice.png,190,183,raw_sheets/elements_sheet.png
elements,snow,elements/snow.png,174,191,raw_sheets/elements_sheet.png
elements,cloud,elements/cloud.png,187,153,raw_sheets/elements_sheet.png
elements,rain,elements/rain.png,156,176,raw_sheets/elements_sheet.png
elements,storm,elements/storm.png,190,199,raw_sheets/elements_sheet.png
elements,lightning,elements/lightning.png,159,211,raw_sheets/elements_sheet.png
elements,smoke,elements/smoke.png,173,198,raw_sheets/elements_sheet.png
elements,ash,elements/ash.png,190,191,raw_sheets/elements_sheet.png
elements,energy,elements/energy.png,193,194,raw_sheets/elements_sheet.png
elements,light,elements/light.png,195,203,raw_sheets/elements_sheet.png
elements,shadow,elements/shadow.png,190,198,raw_sheets/elements_sheet.png
elements,life,elements/life.png,194,187,raw_sheets/elements_sheet.png
elements,beast,elements/beast.png,178,183,raw_sheets/elements_sheet.png
elements,bird,elements/bird.png,168,193,raw_sheets/elements_sheet.png
elements,fish,elements/fish.png,168,179,raw_sheets/elements_sheet.png
elements,human,elements/human.png,186,197,raw_sheets/elements_sheet.png
elements,tool,elements/tool.png,175,169,raw_sheets/elements_sheet.png
elements,house,elements/house.png,193,203,raw_sheets/elements_sheet.png
elements,mountain,elements/mountain.png,200,185,raw_sheets/elements_sheet.png
elements,river,elements/river.png,195,204,raw_sheets/elements_sheet.png
elements,ocean,elements/ocean.png,201,194,raw_sheets/elements_sheet.png
elements,swamp,elements/swamp.png,200,192,raw_sheets/elements_sheet.png
elements,time,elements/time.png,190,188,raw_sheets/elements_sheet.png
elements,magic,elements/magic.png,195,195,raw_sheets/elements_sheet.png
elements,crystal,elements/crystal.png,177,194,raw_sheets/elements_sheet.png
elements,spirit,elements/spirit.png,176,196,raw_sheets/elements_sheet.png
ui/buttons,button_primary_blue,ui/buttons/button_primary_blue.png,299,155,raw_sheets/buttons_sheet.png
ui/buttons,button_secondary_dark,ui/buttons/button_secondary_dark.png,273,138,raw_sheets/buttons_sheet.png
ui/buttons,button_arcane_purple,ui/buttons/button_arcane_purple.png,282,146,raw_sheets/buttons_sheet.png
ui/buttons,button_premium_gold,ui/buttons/button_premium_gold.png,286,143,raw_sheets/buttons_sheet.png
ui/buttons,button_danger_red,ui/buttons/button_danger_red.png,276,144,raw_sheets/buttons_sheet.png
ui/buttons,button_small_blue,ui/buttons/button_small_blue.png,270,132,raw_sheets/buttons_sheet.png
ui/buttons,button_small_purple,ui/buttons/button_small_purple.png,264,128,raw_sheets/buttons_sheet.png
ui/buttons,button_small_gold,ui/buttons/button_small_gold.png,262,131,raw_sheets/buttons_sheet.png
ui/buttons,button_icon_round,ui/buttons/button_icon_round.png,197,200,raw_sheets/buttons_sheet.png
ui/buttons,button_icon_square,ui/buttons/button_icon_square.png,192,188,raw_sheets/buttons_sheet.png
ui/buttons,toggle_on,ui/buttons/toggle_on.png,236,141,raw_sheets/buttons_sheet.png
ui/buttons,toggle_off,ui/buttons/toggle_off.png,232,127,raw_sheets/buttons_sheet.png
ui/buttons,checkbox_on,ui/buttons/checkbox_on.png,155,161,raw_sheets/buttons_sheet.png
ui/buttons,checkbox_off,ui/buttons/checkbox_off.png,143,146,raw_sheets/buttons_sheet.png
ui/buttons,radio_on,ui/buttons/radio_on.png,159,163,raw_sheets/buttons_sheet.png
ui/buttons,radio_off,ui/buttons/radio_off.png,137,140,raw_sheets/buttons_sheet.png
ui/buttons,slider,ui/buttons/slider.png,321,106,raw_sheets/buttons_sheet.png
ui/buttons,progress_bar,ui/buttons/progress_bar.png,313,68,raw_sheets/buttons_sheet.png
ui/buttons,tab_active,ui/buttons/tab_active.png,253,136,raw_sheets/buttons_sheet.png
ui/buttons,tab_inactive,ui/buttons/tab_inactive.png,249,111,raw_sheets/buttons_sheet.png
ui/buttons,input_field,ui/buttons/input_field.png,296,101,raw_sheets/buttons_sheet.png
ui/buttons,search_field,ui/buttons/search_field.png,307,102,raw_sheets/buttons_sheet.png
ui/buttons,dropdown_field,ui/buttons/dropdown_field.png,293,103,raw_sheets/buttons_sheet.png
ui/buttons,tooltip_bubble,ui/buttons/tooltip_bubble.png,257,162,raw_sheets/buttons_sheet.png
ui/buttons,pill_badge_green,ui/buttons/pill_badge_green.png,212,102,raw_sheets/buttons_sheet.png
ui/icons,home,ui/icons/home.png,200,236,raw_sheets/icons_sheet.png
ui/icons,elements_leaf,ui/icons/elements_leaf.png,187,211,raw_sheets/icons_sheet.png
ui/icons,recipes_book,ui/icons/recipes_book.png,208,194,raw_sheets/icons_sheet.png
ui/icons,achievements_trophy,ui/icons/achievements_trophy.png,209,201,raw_sheets/icons_sheet.png
ui/icons,settings_gear,ui/icons/settings_gear.png,201,194,raw_sheets/icons_sheet.png
ui/icons,search,ui/icons/search.png,183,190,raw_sheets/icons_sheet.png
ui/icons,favorite_star,ui/icons/favorite_star.png,210,195,raw_sheets/icons_sheet.png
ui/icons,recent_clock,ui/icons/recent_clock.png,229,217,raw_sheets/icons_sheet.png
ui/icons,hint_bulb,ui/icons/hint_bulb.png,203,229,raw_sheets/icons_sheet.png
ui/icons,filters,ui/icons/filters.png,183,203,raw_sheets/icons_sheet.png
ui/icons,profile_user,ui/icons/profile_user.png,169,189,raw_sheets/icons_sheet.png
ui/icons,audio,ui/icons/audio.png,215,181,raw_sheets/icons_sheet.png
ui/icons,music,ui/icons/music.png,203,199,raw_sheets/icons_sheet.png
ui/icons,haptics,ui/icons/haptics.png,222,192,raw_sheets/icons_sheet.png
ui/icons,notifications,ui/icons/notifications.png,50,103,raw_sheets/icons_sheet.png
ui/icons,cloud_save,ui/icons/cloud_save.png,53,103,raw_sheets/icons_sheet.png
ui/icons,help,ui/icons/help.png,186,174,raw_sheets/icons_sheet.png
ui/icons,privacy_shield,ui/icons/privacy_shield.png,169,197,raw_sheets/icons_sheet.png
ui/icons,info,ui/icons/info.png,174,178,raw_sheets/icons_sheet.png
ui/icons,language,ui/icons/language.png,224,194,raw_sheets/icons_sheet.png
ui/icons,close,ui/icons/close.png,163,179,raw_sheets/icons_sheet.png
ui/icons,check,ui/icons/check.png,427,209,raw_sheets/icons_sheet.png
ui/icons,plus,ui/icons/plus.png,236,192,raw_sheets/icons_sheet.png
ui/icons,minus,ui/icons/minus.png,423,214,raw_sheets/icons_sheet.png
ui/icons,back,ui/icons/back.png,204,199,raw_sheets/icons_sheet.png
ui/icons,forward,ui/icons/forward.png,210,199,raw_sheets/icons_sheet.png
ui/icons,up,ui/icons/up.png,203,199,raw_sheets/icons_sheet.png
ui/icons,down,ui/icons/down.png,209,197,raw_sheets/icons_sheet.png
ui/icons,play,ui/icons/play.png,210,203,raw_sheets/icons_sheet.png
ui/icons,pause,ui/icons/pause.png,224,202,raw_sheets/icons_sheet.png
ui/panels_states,frame_base_silver,ui/panels_states/frame_base_silver.png,237,235,raw_sheets/panels_sheet.png
ui/panels_states,frame_common_blue,ui/panels_states/frame_common_blue.png,237,242,raw_sheets/panels_sheet.png
ui/panels_states,frame_rare_green,ui/panels_states/frame_rare_green.png,267,238,raw_sheets/panels_sheet.png
ui/panels_states,frame_epic_purple,ui/panels_states/frame_epic_purple.png,300,268,raw_sheets/panels_sheet.png
ui/panels_states,frame_legendary_gold,ui/panels_states/frame_legendary_gold.png,269,272,raw_sheets/panels_sheet.png
ui/panels_states,selected_ring_blue,ui/panels_states/selected_ring_blue.png,281,275,raw_sheets/panels_sheet.png
ui/panels_states,discovery_burst_gold,ui/panels_states/discovery_burst_gold.png,284,272,raw_sheets/panels_sheet.png
ui/panels_states,locked_chain_panel,ui/panels_states/locked_chain_panel.png,245,234,raw_sheets/panels_sheet.png
ui/panels_states,undiscovered_question_panel,ui/panels_states/undiscovered_question_panel.png,235,250,raw_sheets/panels_sheet.png
ui/panels_states,unknown_silhouette_panel,ui/panels_states/unknown_silhouette_panel.png,236,248,raw_sheets/panels_sheet.png
ui/panels_states,card_base,ui/panels_states/card_base.png,244,306,raw_sheets/panels_sheet.png
ui/panels_states,card_selected_blue,ui/panels_states/card_selected_blue.png,266,331,raw_sheets/panels_sheet.png
ui/panels_states,achievement_wreath_gold,ui/panels_states/achievement_wreath_gold.png,261,262,raw_sheets/panels_sheet.png
ui/panels_states,dialog_panel_blue,ui/panels_states/dialog_panel_blue.png,363,242,raw_sheets/panels_sheet.png
ui/panels_states,dialog_panel_gold,ui/panels_states/dialog_panel_gold.png,324,247,raw_sheets/panels_sheet.png
ui/panels_states,banner_wide,ui/panels_states/banner_wide.png,445,144,raw_sheets/panels_sheet.png
ui/panels_states,banner_small,ui/panels_states/banner_small.png,221,111,raw_sheets/panels_sheet.png
ui/panels_states,section_header,ui/panels_states/section_header.png,357,130,raw_sheets/panels_sheet.png
ui/panels_states,level_badge_ring,ui/panels_states/level_badge_ring.png,230,237,raw_sheets/panels_sheet.png
ui/panels_states,notification_button_red,ui/panels_states/notification_button_red.png,132,135,raw_sheets/panels_sheet.png
effects,sparkles_blue,effects/sparkles_blue.png,275,266,raw_sheets/effects_sheet.png
effects,sparkles_purple,effects/sparkles_purple.png,246,268,raw_sheets/effects_sheet.png
effects,sparkles_gold,effects/sparkles_gold.png,240,254,raw_sheets/effects_sheet.png
effects,stars_cluster,effects/stars_cluster.png,275,255,raw_sheets/effects_sheet.png
effects,magic_dust,effects/magic_dust.png,264,265,raw_sheets/effects_sheet.png
effects,glow_blue_orb,effects/glow_blue_orb.png,260,254,raw_sheets/effects_sheet.png
effects,glow_purple_orb,effects/glow_purple_orb.png,265,256,raw_sheets/effects_sheet.png
effects,glow_gold_orb,effects/glow_gold_orb.png,255,257,raw_sheets/effects_sheet.png
effects,light_burst,effects/light_burst.png,47,50,raw_sheets/effects_sheet.png
effects,energy_ring,effects/energy_ring.png,289,259,raw_sheets/effects_sheet.png
effects,portal_swirl,effects/portal_swirl.png,282,289,raw_sheets/effects_sheet.png
effects,smoke_puff,effects/smoke_puff.png,276,269,raw_sheets/effects_sheet.png
effects,shockwave_ring,effects/shockwave_ring.png,347,242,raw_sheets/effects_sheet.png
effects,beam_up,effects/beam_up.png,306,562,raw_sheets/effects_sheet.png
effects,beam_down,effects/beam_down.png,287,292,raw_sheets/effects_sheet.png
effects,combine_flash,effects/combine_flash.png,300,273,raw_sheets/effects_sheet.png
effects,combine_particles,effects/combine_particles.png,250,275,raw_sheets/effects_sheet.png
effects,lightning_arc,effects/lightning_arc.png,347,282,raw_sheets/effects_sheet.png
effects,ember_sparks,effects/ember_sparks.png,250,266,raw_sheets/effects_sheet.png
effects,success_burst,effects/success_burst.png,291,281,raw_sheets/effects_sheet.png
props,books_stack,props/books_stack.png,309,227,raw_sheets/props_sheet.png
props,lantern,props/lantern.png,217,293,raw_sheets/props_sheet.png
props,candle_cluster,props/candle_cluster.png,272,296,raw_sheets/props_sheet.png
props,crystals_small,props/crystals_small.png,233,209,raw_sheets/props_sheet.png
props,crystals_large,props/crystals_large.png,303,299,raw_sheets/props_sheet.png
props,scroll_roll,props/scroll_roll.png,302,219,raw_sheets/props_sheet.png
props,stone_plaque,props/stone_plaque.png,263,243,raw_sheets/props_sheet.png
props,blank_parchment,props/blank_parchment.png,248,243,raw_sheets/props_sheet.png
props,rocks_small,props/rocks_small.png,237,162,raw_sheets/props_sheet.png
props,rocks_large,props/rocks_large.png,328,242,raw_sheets/props_sheet.png
props,plants_small,props/plants_small.png,277,198,raw_sheets/props_sheet.png
props,vine_cluster,props/vine_cluster.png,283,288,raw_sheets/props_sheet.png
props,stone_column_left,props/stone_column_left.png,185,270,raw_sheets/props_sheet.png
props,stone_column_right,props/stone_column_right.png,174,271,raw_sheets/props_sheet.png
props,stone_arch,props/stone_arch.png,341,268,raw_sheets/props_sheet.png
props,alchemy_table,props/alchemy_table.png,360,278,raw_sheets/props_sheet.png
props,wooden_chair,props/wooden_chair.png,203,282,raw_sheets/props_sheet.png
props,wooden_crate,props/wooden_crate.png,249,227,raw_sheets/props_sheet.png
props,barrel,props/barrel.png,216,248,raw_sheets/props_sheet.png
props,floating_island_small,props/floating_island_small.png,287,288,raw_sheets/props_sheet.png
combine_scene,altar_platform_base,combine_scene/altar_platform_base.png,407,206,raw_sheets/combine_sheet.png
combine_scene,magic_circle_glyph,combine_scene/magic_circle_glyph.png,288,275,raw_sheets/combine_sheet.png
combine_scene,central_energy_pool,combine_scene/central_energy_pool.png,287,402,raw_sheets/combine_sheet.png
combine_scene,pedestal_left,combine_scene/pedestal_left.png,250,325,raw_sheets/combine_sheet.png
combine_scene,pedestal_right,combine_scene/pedestal_right.png,255,331,raw_sheets/combine_sheet.png
combine_scene,arch_left,combine_scene/arch_left.png,213,362,raw_sheets/combine_sheet.png
combine_scene,arch_right,combine_scene/arch_right.png,218,362,raw_sheets/combine_sheet.png
combine_scene,crystal_cluster_left,combine_scene/crystal_cluster_left.png,305,241,raw_sheets/combine_sheet.png
combine_scene,crystal_cluster_right,combine_scene/crystal_cluster_right.png,315,270,raw_sheets/combine_sheet.png
combine_scene,hanging_lantern,combine_scene/hanging_lantern.png,252,374,raw_sheets/combine_sheet.png
combine_scene,books_stack_scene,combine_scene/books_stack_scene.png,306,268,raw_sheets/combine_sheet.png
combine_scene,parchment_sign,combine_scene/parchment_sign.png,303,265,raw_sheets/combine_sheet.png
combine_scene,floor_edge_left,combine_scene/floor_edge_left.png,305,204,raw_sheets/combine_sheet.png
combine_scene,floor_edge_right,combine_scene/floor_edge_right.png,289,209,raw_sheets/combine_sheet.png
combine_scene,fog_overlay,combine_scene/fog_overlay.png,229,288,raw_sheets/combine_sheet.png
backgrounds,bg_aether,backgrounds/bg_aether.png,941,1672,generated_background
backgrounds,bg_ember,backgrounds/bg_ember.png,941,1672,generated_background
backgrounds,bg_verdant,backgrounds/bg_verdant.png,941,1672,generated_background
